{
"lengthUnit": "mil",
"components": {
	"fields": ["COMPONENT_NO", "COMPONENT_NAME", "LAYER", "X_COORDINATE", "Y_COORDINATE", "ANGLE"],
	"rows": [
		[1, "3.3V", "B", 2430, -3450, 90],
		[2, "5V", "B", 3380, -3455, 90],
		[3, "DC1", "T", 415, -3405, 0],
		[4, "U1", "T", 910, -2765, 0],
		[5, "U2", "T", 1900, -2445, 0],
		[6, "U3", "T", 3145, -2345, 270],
		[7, "U4", "T", 400, -250, 0],
		[8, "VIN", "B", 1480, -3455, 90]
	]
},
"pins": {
	"fields": ["PIN_NO", "PIN_NAME", "PIN_X", "PIN_Y", "LAYER", "PIN_TYPE", "NET_NAME", "NET_TYPE", "PAD_SHAPE", "PAD_SIZEX", "PAD_SIZEY", "HOLE_SIZE", "PAD_ANGLE"],
	"rows": [
		[1, "3.3V_1", 2430, -3450, "T", "DIP", "+5V", "", "C", 60, 60, 40.16, 180],
		[2, "3.3V_1", 2430, -3450, "B", "DIP", "+5V", "", "C", 60, 60, 40.16, 180],
		[3, "3.3V_2", 2330, -3450, "T", "DIP", "GND", "GND", "C", 60, 60, 40.16, 180],
		[4, "3.3V_2", 2330, -3450, "B", "DIP", "GND", "GND", "C", 60, 60, 40.16, 180],
		[5, "3.3V_3", 2230, -3450, "T", "DIP", "SCL", "", "C", 60, 60, 40.16, 180],
		[6, "3.3V_3", 2230, -3450, "B", "DIP", "SCL", "", "C", 60, 60, 40.16, 180],
		[7, "3.3V_4", 2130, -3450, "T", "DIP", "SDA", "", "C", 60, 60, 40.16, 180],
		[8, "3.3V_4", 2130, -3450, "B", "DIP", "SDA", "", "C", 60, 60, 40.16, 180],
		[9, "3.3V_5", 2030, -3450, "T", "DIP", "3.3V_5", "", "C", 60, 60, 40.16, 180],
		[10, "3.3V_5", 2030, -3450, "B", "DIP", "3.3V_5", "", "C", 60, 60, 40.16, 180],
		[11, "3.3V_6", 1930, -3450, "T", "DIP", "3.3V_6", "", "C", 60, 60, 40.16, 180],
		[12, "3.3V_6", 1930, -3450, "B", "DIP", "3.3V_6", "", "C", 60, 60, 40.16, 180],
		[13, "3.3V_7", 1830, -3450, "T", "DIP", "+3V", "", "C", 60, 60, 40.16, 180],
		[14, "3.3V_7", 1830, -3450, "B", "DIP", "+3V", "", "C", 60, 60, 40.16, 180],
		[15, "3.3V_8", 1730, -3450, "T", "DIP", "+3VS", "", "C", 60, 60, 40.16, 180],
		[16, "3.3V_8", 1730, -3450, "B", "DIP", "+3VS", "", "C", 60, 60, 40.16, 180],
		[17, "5V_1", 3380, -3455, "T", "DIP", "+5V", "", "C", 60, 60, 40.16, 180],
		[18, "5V_1", 3380, -3455, "B", "DIP", "+5V", "", "C", 60, 60, 40.16, 180],
		[19, "5V_2", 3280, -3455, "T", "DIP", "GND", "GND", "C", 60, 60, 40.16, 180],
		[20, "5V_2", 3280, -3455, "B", "DIP", "GND", "GND", "C", 60, 60, 40.16, 180],
		[21, "5V_3", 3180, -3455, "T", "DIP", "SCL", "", "C", 60, 60, 40.16, 180],
		[22, "5V_3", 3180, -3455, "B", "DIP", "SCL", "", "C", 60, 60, 40.16, 180],
		[23, "5V_4", 3080, -3455, "T", "DIP", "SDA", "", "C", 60, 60, 40.16, 180],
		[24, "5V_4", 3080, -3455, "B", "DIP", "SDA", "", "C", 60, 60, 40.16, 180],
		[25, "5V_5", 2980, -3455, "T", "DIP", "5V_5", "", "C", 60, 60, 40.16, 180],
		[26, "5V_5", 2980, -3455, "B", "DIP", "5V_5", "", "C", 60, 60, 40.16, 180],
		[27, "5V_6", 2880, -3455, "T", "DIP", "5V_6", "", "C", 60, 60, 40.16, 180],
		[28, "5V_6", 2880, -3455, "B", "DIP", "5V_6", "", "C", 60, 60, 40.16, 180],
		[29, "5V_7", 2780, -3455, "T", "DIP", "+5V", "", "C", 60, 60, 40.16, 180],
		[30, "5V_7", 2780, -3455, "B", "DIP", "+5V", "", "C", 60, 60, 40.16, 180],
		[31, "5V_8", 2680, -3455, "T", "DIP", "+5VS", "", "C", 60, 60, 40.16, 180],
		[32, "5V_8", 2680, -3455, "B", "DIP", "+5VS", "", "C", 60, 60, 40.16, 180],
		[33, "DC1_2", 434.68, -3499.49, "T", "DIP", "GND", "GND", "O", 157.48, 51.18, 137.79, 0],
		[34, "DC1_2", 434.68, -3499.49, "B", "DIP", "GND", "GND", "O", 157.48, 51.18, 137.79, 0],
		[35, "DC1_3", 296.89, -3310.51, "T", "DIP", "GND", "GND", "O", 157.48, 51.18, 137.79, 270],
		[36, "DC1_3", 296.89, -3310.51, "B", "DIP", "GND", "GND", "O", 157.48, 51.18, 137.79, 270],
		[37, "DC1_4", 533.11, -3310.51, "T", "DIP", "VIN", "", "O", 157.48, 51.18, 137.79, 90],
		[38, "DC1_4", 533.11, -3310.51, "B", "DIP", "VIN", "", "O", 157.48, 51.18, 137.79, 90],
		[39, "U1_1", 1610, -2465, "T", "DIP", "U1_1", "", "R", 62.99, 62.99, 35.43, 0],
		[40, "U1_1", 1610, -2465, "B", "DIP", "U1_1", "", "R", 62.99, 62.99, 35.43, 0],
		[41, "U1_2", 1510, -2465, "T", "DIP", "U1_2", "", "C", 62.99, 62.99, 35.43, 0],
		[42, "U1_2", 1510, -2465, "B", "DIP", "U1_2", "", "C", 62.99, 62.99, 35.43, 0],
		[43, "U1_3", 1410, -2465, "T", "DIP", "U1_3", "", "C", 62.99, 62.99, 35.43, 0],
		[44, "U1_3", 1410, -2465, "B", "DIP", "U1_3", "", "C", 62.99, 62.99, 35.43, 0],
		[45, "U1_4", 1310, -2465, "T", "DIP", "GND", "GND", "C", 62.99, 62.99, 35.43, 0],
		[46, "U1_4", 1310, -2465, "B", "DIP", "GND", "GND", "C", 62.99, 62.99, 35.43, 0],
		[47, "U1_5", 1210, -2465, "T", "DIP", "IRQ", "", "C", 62.99, 62.99, 35.43, 0],
		[48, "U1_5", 1210, -2465, "B", "DIP", "IRQ", "", "C", 62.99, 62.99, 35.43, 0],
		[49, "U1_6", 1110, -2465, "T", "DIP", "ALERT", "", "C", 62.99, 62.99, 35.43, 0],
		[50, "U1_6", 1110, -2465, "B", "DIP", "ALERT", "", "C", 62.99, 62.99, 35.43, 0],
		[51, "U1_7", 1010, -2465, "T", "DIP", "SD_CS", "", "C", 62.99, 62.99, 35.43, 0],
		[52, "U1_7", 1010, -2465, "B", "DIP", "SD_CS", "", "C", 62.99, 62.99, 35.43, 0],
		[53, "U1_8", 910, -2465, "T", "DIP", "U1_8", "", "C", 62.99, 62.99, 35.43, 0],
		[54, "U1_8", 910, -2465, "B", "DIP", "U1_8", "", "C", 62.99, 62.99, 35.43, 0],
		[55, "U1_9", 810, -2465, "T", "DIP", "U1_9", "", "C", 62.99, 62.99, 35.43, 0],
		[56, "U1_9", 810, -2465, "B", "DIP", "U1_9", "", "C", 62.99, 62.99, 35.43, 0],
		[57, "U1_10", 710, -2465, "T", "DIP", "T_CS", "", "C", 62.99, 62.99, 35.43, 0],
		[58, "U1_10", 710, -2465, "B", "DIP", "T_CS", "", "C", 62.99, 62.99, 35.43, 0],
		[59, "U1_11", 610, -2465, "T", "DIP", "RESET", "", "C", 62.99, 62.99, 35.43, 0],
		[60, "U1_11", 610, -2465, "B", "DIP", "RESET", "", "C", 62.99, 62.99, 35.43, 0],
		[61, "U1_12", 510, -2465, "T", "DIP", "DC", "", "C", 62.99, 62.99, 35.43, 0],
		[62, "U1_12", 510, -2465, "B", "DIP", "DC", "", "C", 62.99, 62.99, 35.43, 0],
		[63, "U1_13", 410, -2465, "T", "DIP", "TFT_CS", "", "C", 62.99, 62.99, 35.43, 0],
		[64, "U1_13", 410, -2465, "B", "DIP", "TFT_CS", "", "C", 62.99, 62.99, 35.43, 0],
		[65, "U1_14", 310, -2465, "T", "DIP", "MOSI", "", "C", 62.99, 62.99, 35.43, 0],
		[66, "U1_14", 310, -2465, "B", "DIP", "MOSI", "", "C", 62.99, 62.99, 35.43, 0],
		[67, "U1_15", 210, -2465, "T", "DIP", "MISO", "", "C", 62.99, 62.99, 35.43, 0],
		[68, "U1_15", 210, -2465, "B", "DIP", "MISO", "", "C", 62.99, 62.99, 35.43, 0],
		[69, "U1_16", 210, -3065, "T", "DIP", "SCK", "", "C", 62.99, 62.99, 35.43, 0],
		[70, "U1_16", 210, -3065, "B", "DIP", "SCK", "", "C", 62.99, 62.99, 35.43, 0],
		[71, "U1_17", 310, -3065, "T", "DIP", "+3V", "", "C", 62.99, 62.99, 35.43, 0],
		[72, "U1_17", 310, -3065, "B", "DIP", "+3V", "", "C", 62.99, 62.99, 35.43, 0],
		[73, "U1_18", 410, -3065, "T", "DIP", "U1_18", "", "C", 62.99, 62.99, 35.43, 0],
		[74, "U1_18", 410, -3065, "B", "DIP", "U1_18", "", "C", 62.99, 62.99, 35.43, 0],
		[75, "U1_19", 510, -3065, "T", "DIP", "U1_19", "", "C", 62.99, 62.99, 35.43, 0],
		[76, "U1_19", 510, -3065, "B", "DIP", "U1_19", "", "C", 62.99, 62.99, 35.43, 0],
		[77, "U1_20", 610, -3065, "T", "DIP", "U1_20", "", "C", 62.99, 62.99, 35.43, 0],
		[78, "U1_20", 610, -3065, "B", "DIP", "U1_20", "", "C", 62.99, 62.99, 35.43, 0],
		[79, "U1_21", 710, -3065, "T", "DIP", "U1_21", "", "C", 62.99, 62.99, 35.43, 0],
		[80, "U1_21", 710, -3065, "B", "DIP", "U1_21", "", "C", 62.99, 62.99, 35.43, 0],
		[81, "U1_22", 810, -3065, "T", "DIP", "U1_22", "", "C", 62.99, 62.99, 35.43, 0],
		[82, "U1_22", 810, -3065, "B", "DIP", "U1_22", "", "C", 62.99, 62.99, 35.43, 0],
		[83, "U1_23", 910, -3065, "T", "DIP", "SDA", "", "C", 62.99, 62.99, 35.43, 0],
		[84, "U1_23", 910, -3065, "B", "DIP", "SDA", "", "C", 62.99, 62.99, 35.43, 0],
		[85, "U1_24", 1010, -3065, "T", "DIP", "SCL", "", "C", 62.99, 62.99, 35.43, 0],
		[86, "U1_24", 1010, -3065, "B", "DIP", "SCL", "", "C", 62.99, 62.99, 35.43, 0],
		[87, "U1_25", 1110, -3065, "T", "DIP", "U1_25", "", "C", 62.99, 62.99, 35.43, 0],
		[88, "U1_25", 1110, -3065, "B", "DIP", "U1_25", "", "C", 62.99, 62.99, 35.43, 0],
		[89, "U1_26", 1210, -3065, "T", "DIP", "U1_26", "", "C", 62.99, 62.99, 35.43, 0],
		[90, "U1_26", 1210, -3065, "B", "DIP", "U1_26", "", "C", 62.99, 62.99, 35.43, 0],
		[91, "U1_27", 1310, -3065, "T", "DIP", "+5V", "", "C", 62.99, 62.99, 35.43, 0],
		[92, "U1_27", 1310, -3065, "B", "DIP", "+5V", "", "C", 62.99, 62.99, 35.43, 0],
		[93, "U1_28", 1410, -3065, "T", "DIP", "U1_28", "", "C", 62.99, 62.99, 35.43, 0],
		[94, "U1_28", 1410, -3065, "B", "DIP", "U1_28", "", "C", 62.99, 62.99, 35.43, 0],
		[95, "U1_29", 1510, -3065, "T", "DIP", "GND", "GND", "C", 62.99, 62.99, 35.43, 0],
		[96, "U1_29", 1510, -3065, "B", "DIP", "GND", "GND", "C", 62.99, 62.99, 35.43, 0],
		[97, "U1_30", 1610, -3065, "T", "DIP", "VINS", "", "R", 62.99, 62.99, 35.43, 0],
		[98, "U1_30", 1610, -3065, "B", "DIP", "VINS", "", "R", 62.99, 62.99, 35.43, 0],
		[99, "U2_1", 2870, -2509.96, "T", "DIP", "GND", "GND", "C", 60, 60, 36, 0],
		[100, "U2_1", 2870, -2509.96, "B", "DIP", "GND", "GND", "C", 60, 60, 36, 0],
		[101, "U2_2", 2770, -2509.96, "T", "DIP", "SCK", "", "C", 60, 60, 36, 0],
		[102, "U2_2", 2770, -2509.96, "B", "DIP", "SCK", "", "C", 60, 60, 36, 0],
		[103, "U2_3", 2670, -2509.96, "T", "DIP", "MISO", "", "C", 60, 60, 36, 0],
		[104, "U2_3", 2670, -2509.96, "B", "DIP", "MISO", "", "C", 60, 60, 36, 0],
		[105, "U2_4", 2570, -2509.96, "T", "DIP", "MOSI", "", "C", 60, 60, 36, 0],
		[106, "U2_4", 2570, -2509.96, "B", "DIP", "MOSI", "", "C", 60, 60, 36, 0],
		[107, "U2_5", 2470, -2509.96, "T", "DIP", "TFT_CS", "", "C", 60, 60, 36, 0],
		[108, "U2_5", 2470, -2509.96, "B", "DIP", "TFT_CS", "", "C", 60, 60, 36, 0],
		[109, "U2_6", 2370, -2509.96, "T", "DIP", "DC", "", "C", 60, 60, 36, 0],
		[110, "U2_6", 2370, -2509.96, "B", "DIP", "DC", "", "C", 60, 60, 36, 0],
		[111, "U2_7", 2270, -2509.96, "T", "DIP", "RESET", "", "C", 60, 60, 36, 0],
		[112, "U2_7", 2270, -2509.96, "B", "DIP", "RESET", "", "C", 60, 60, 36, 0],
		[113, "U2_8", 2170, -2509.96, "T", "DIP", "T_CS", "", "C", 60, 60, 36, 0],
		[114, "U2_8", 2170, -2509.96, "B", "DIP", "T_CS", "", "C", 60, 60, 36, 0],
		[115, "U2_9", 2070, -2509.96, "T", "DIP", "SD_CS", "", "C", 60, 60, 36, 0],
		[116, "U2_9", 2070, -2509.96, "B", "DIP", "SD_CS", "", "C", 60, 60, 36, 0],
		[117, "U2_10", 1970, -2509.96, "T", "DIP", "+5VS", "", "C", 60, 60, 36, 0],
		[118, "U2_10", 1970, -2509.96, "B", "DIP", "+5VS", "", "C", 60, 60, 36, 0],
		[119, "U2_11", 1970, -3009.96, "T", "DIP", "+3VS", "", "C", 60, 60, 36, 0],
		[120, "U2_11", 1970, -3009.96, "B", "DIP", "+3VS", "", "C", 60, 60, 36, 0],
		[121, "U2_12", 2070, -3009.96, "T", "DIP", "SD_CS", "", "C", 60, 60, 36, 0],
		[122, "U2_12", 2070, -3009.96, "B", "DIP", "SD_CS", "", "C", 60, 60, 36, 0],
		[123, "U2_13", 2170, -3009.96, "T", "DIP", "T_CS", "", "C", 60, 60, 36, 0],
		[124, "U2_13", 2170, -3009.96, "B", "DIP", "T_CS", "", "C", 60, 60, 36, 0],
		[125, "U2_14", 2270, -3009.96, "T", "DIP", "RESET", "", "C", 60, 60, 36, 0],
		[126, "U2_14", 2270, -3009.96, "B", "DIP", "RESET", "", "C", 60, 60, 36, 0],
		[127, "U2_15", 2370, -3009.96, "T", "DIP", "DC", "", "C", 60, 60, 36, 0],
		[128, "U2_15", 2370, -3009.96, "B", "DIP", "DC", "", "C", 60, 60, 36, 0],
		[129, "U2_16", 2470, -3009.96, "T", "DIP", "TFT_CS", "", "C", 60, 60, 36, 0],
		[130, "U2_16", 2470, -3009.96, "B", "DIP", "TFT_CS", "", "C", 60, 60, 36, 0],
		[131, "U2_17", 2570, -3009.96, "T", "DIP", "MOSI", "", "C", 60, 60, 36, 0],
		[132, "U2_17", 2570, -3009.96, "B", "DIP", "MOSI", "", "C", 60, 60, 36, 0],
		[133, "U2_18", 2670, -3009.96, "T", "DIP", "MISO", "", "C", 60, 60, 36, 0],
		[134, "U2_18", 2670, -3009.96, "B", "DIP", "MISO", "", "C", 60, 60, 36, 0],
		[135, "U2_19", 2770, -3009.96, "T", "DIP", "SCK", "", "C", 60, 60, 36, 0],
		[136, "U2_19", 2770, -3009.96, "B", "DIP", "SCK", "", "C", 60, 60, 36, 0],
		[137, "U2_20", 2870, -3009.96, "T", "DIP", "+3VS", "", "C", 60, 60, 36, 0],
		[138, "U2_20", 2870, -3009.96, "B", "DIP", "+3VS", "", "C", 60, 60, 36, 0],
		[139, "U3_1", 3245, -2645, "T", "DIP", "+5VS", "", "C", 60, 60, 36, 270],
		[140, "U3_1", 3245, -2645, "B", "DIP", "+5VS", "", "C", 60, 60, 36, 270],
		[141, "U3_2", 3245, -2745, "T", "DIP", "U3_2", "", "C", 60, 60, 36, 270],
		[142, "U3_2", 3245, -2745, "B", "DIP", "U3_2", "", "C", 60, 60, 36, 270],
		[143, "U3_3", 3245, -2845, "T", "DIP", "GND", "GND", "C", 60, 60, 36, 270],
		[144, "U3_3", 3245, -2845, "B", "DIP", "GND", "GND", "C", 60, 60, 36, 270],
		[145, "U3_4", 3245, -2945, "T", "DIP", "SCL", "", "C", 60, 60, 36, 270],
		[146, "U3_4", 3245, -2945, "B", "DIP", "SCL", "", "C", 60, 60, 36, 270],
		[147, "U3_5", 3245, -3045, "T", "DIP", "SDA", "", "C", 60, 60, 36, 270],
		[148, "U3_5", 3245, -3045, "B", "DIP", "SDA", "", "C", 60, 60, 36, 270],
		[149, "U4_1", 470.87, -585, "T", "DIP", "+5VS", "", "C", 60, 60, 36, 270],
		[150, "U4_1", 470.87, -585, "B", "DIP", "+5VS", "", "C", 60, 60, 36, 270],
		[151, "U4_2", 470.87, -685, "T", "DIP", "GND", "GND", "C", 60, 60, 36, 270],
		[152, "U4_2", 470.87, -685, "B", "DIP", "GND", "GND", "C", 60, 60, 36, 270],
		[153, "U4_3", 470.87, -785, "T", "DIP", "TFT_CS", "", "C", 60, 60, 36, 270],
		[154, "U4_3", 470.87, -785, "B", "DIP", "TFT_CS", "", "C", 60, 60, 36, 270],
		[155, "U4_4", 470.87, -885, "T", "DIP", "RESET", "", "C", 60, 60, 36, 270],
		[156, "U4_4", 470.87, -885, "B", "DIP", "RESET", "", "C", 60, 60, 36, 270],
		[157, "U4_5", 470.87, -985, "T", "DIP", "DC", "", "C", 60, 60, 36, 270],
		[158, "U4_5", 470.87, -985, "B", "DIP", "DC", "", "C", 60, 60, 36, 270],
		[159, "U4_6", 470.87, -1085, "T", "DIP", "MOSI", "", "C", 60, 60, 36, 270],
		[160, "U4_6", 470.87, -1085, "B", "DIP", "MOSI", "", "C", 60, 60, 36, 270],
		[161, "U4_7", 470.87, -1185, "T", "DIP", "SCK", "", "C", 60, 60, 36, 270],
		[162, "U4_7", 470.87, -1185, "B", "DIP", "SCK", "", "C", 60, 60, 36, 270],
		[163, "U4_8", 470.87, -1285, "T", "DIP", "+3VS", "", "C", 60, 60, 36, 270],
		[164, "U4_8", 470.87, -1285, "B", "DIP", "+3VS", "", "C", 60, 60, 36, 270],
		[165, "U4_9", 470.87, -1385, "T", "DIP", "MISO", "", "C", 60, 60, 36, 270],
		[166, "U4_9", 470.87, -1385, "B", "DIP", "MISO", "", "C", 60, 60, 36, 270],
		[167, "U4_10", 470.87, -1485, "T", "DIP", "SCK", "", "C", 60, 60, 36, 270],
		[168, "U4_10", 470.87, -1485, "B", "DIP", "SCK", "", "C", 60, 60, 36, 270],
		[169, "U4_11", 470.87, -1585, "T", "DIP", "T_CS", "", "C", 60, 60, 36, 270],
		[170, "U4_11", 470.87, -1585, "B", "DIP", "T_CS", "", "C", 60, 60, 36, 270],
		[171, "U4_12", 470.87, -1685, "T", "DIP", "MOSI", "", "C", 60, 60, 36, 270],
		[172, "U4_12", 470.87, -1685, "B", "DIP", "MOSI", "", "C", 60, 60, 36, 270],
		[173, "U4_13", 470.87, -1785, "T", "DIP", "MISO", "", "C", 60, 60, 36, 270],
		[174, "U4_13", 470.87, -1785, "B", "DIP", "MISO", "", "C", 60, 60, 36, 270],
		[175, "U4_14", 470.87, -1885, "T", "DIP", "IRQ", "", "C", 60, 60, 36, 270],
		[176, "U4_14", 470.87, -1885, "B", "DIP", "IRQ", "", "C", 60, 60, 36, 270],
		[177, "U4_15", 3661.81, -1094.49, "T", "DIP", "SD_CS", "", "C", 60, 60, 36, 270],
		[178, "U4_15", 3661.81, -1094.49, "B", "DIP", "SD_CS", "", "C", 60, 60, 36, 270],
		[179, "U4_16", 3661.81, -1194.49, "T", "DIP", "MOSI", "", "C", 60, 60, 36, 270],
		[180, "U4_16", 3661.81, -1194.49, "B", "DIP", "MOSI", "", "C", 60, 60, 36, 270],
		[181, "U4_17", 3661.81, -1294.49, "T", "DIP", "MISO", "", "C", 60, 60, 36, 270],
		[182, "U4_17", 3661.81, -1294.49, "B", "DIP", "MISO", "", "C", 60, 60, 36, 270],
		[183, "U4_18", 3661.81, -1394.49, "T", "DIP", "SCK", "", "C", 60, 60, 36, 270],
		[184, "U4_18", 3661.81, -1394.49, "B", "DIP", "SCK", "", "C", 60, 60, 36, 270],
		[185, "VIN_1", 1480, -3455, "T", "DIP", "+5V", "", "C", 60, 60, 40.16, 180],
		[186, "VIN_1", 1480, -3455, "B", "DIP", "+5V", "", "C", 60, 60, 40.16, 180],
		[187, "VIN_2", 1380, -3455, "T", "DIP", "GND", "GND", "C", 60, 60, 40.16, 180],
		[188, "VIN_2", 1380, -3455, "B", "DIP", "GND", "GND", "C", 60, 60, 40.16, 180],
		[189, "VIN_3", 1280, -3455, "T", "DIP", "SCL", "", "C", 60, 60, 40.16, 180],
		[190, "VIN_3", 1280, -3455, "B", "DIP", "SCL", "", "C", 60, 60, 40.16, 180],
		[191, "VIN_4", 1180, -3455, "T", "DIP", "SDA", "", "C", 60, 60, 40.16, 180],
		[192, "VIN_4", 1180, -3455, "B", "DIP", "SDA", "", "C", 60, 60, 40.16, 180],
		[193, "VIN_5", 1080, -3455, "T", "DIP", "ALERT", "", "C", 60, 60, 40.16, 180],
		[194, "VIN_5", 1080, -3455, "B", "DIP", "ALERT", "", "C", 60, 60, 40.16, 180],
		[195, "VIN_6", 980, -3455, "T", "DIP", "VIN_6", "", "C", 60, 60, 40.16, 180],
		[196, "VIN_6", 980, -3455, "B", "DIP", "VIN_6", "", "C", 60, 60, 40.16, 180],
		[197, "VIN_7", 880, -3455, "T", "DIP", "VIN", "", "C", 60, 60, 40.16, 180],
		[198, "VIN_7", 880, -3455, "B", "DIP", "VIN", "", "C", 60, 60, 40.16, 180],
		[199, "VIN_8", 780, -3455, "T", "DIP", "VINS", "", "C", 60, 60, 40.16, 180],
		[200, "VIN_8", 780, -3455, "B", "DIP", "VINS", "", "C", 60, 60, 40.16, 180]
	]
}
}